{
  "climatempo": {
    "categoria": "clima",
    "inputs": [
      "token"
    ],
    "observacao": "token obtido no portal oficial (cole no Admin)"
  },
  "openmeteo": {
    "categoria": "clima",
    "inputs": [],
    "observacao": "sem chave; bom fallback aberto"
  },
  "openweather": {
    "categoria": "clima",
    "inputs": [
      "api_key"
    ],
    "observacao": "chave pessoal"
  },
  "sentinelhub": {
    "categoria": "satélite",
    "inputs": [
      "client_id",
      "client_secret"
    ],
    "observacao": "autenticação OAuth"
  },
  "open_aerial_map": {
    "categoria": "satélite",
    "inputs": [],
    "observacao": "sem chave; catálogo aberto"
  },
  "jdlink": {
    "categoria": "gps/máquinas",
    "inputs": [
      "client_id",
      "client_secret"
    ],
    "observacao": "integração oficial John Deere"
  },
  "nmea_tcp": {
    "categoria": "gps",
    "inputs": [
      "host",
      "port"
    ],
    "observacao": "stream do seu concentrador (sem chave)"
  },
  "mqtt_sensors": {
    "categoria": "sensores",
    "inputs": [
      "broker",
      "port",
      "username",
      "password"
    ],
    "observacao": "broker local/nuvem"
  },
  "modbus_tcp": {
    "categoria": "sensores",
    "inputs": [
      "host",
      "port"
    ],
    "observacao": "automação/irrigação"
  },
  "dji": {
    "categoria": "drone",
    "inputs": [
      "app_key"
    ],
    "observacao": "SDK oficial DJI"
  },
  "dronedeploy": {
    "categoria": "drone",
    "inputs": [
      "api_key"
    ],
    "observacao": "API de processamento/planos de voo"
  },
  "pix4d": {
    "categoria": "drone",
    "inputs": [
      "api_key"
    ],
    "observacao": "API de processamento/ortomosaico"
  }
}