{
  "deere_basic": {
    "name": "John Deere (básico)",
    "version": "3.3",
    "filename": "TASKDATA.XML",
    "constraints": {
      "units": "metric",
      "decimal": ",",
      "encoding": "UTF-8"
    }
  },
  "trimble_basic": {
    "name": "Trimble (básico)",
    "version": "3.3",
    "filename": "TASKDATA.XML",
    "constraints": {
      "units": "metric",
      "decimal": ".",
      "encoding": "UTF-8"
    }
  },
  "topcon_basic": {
    "name": "Topcon (básico)",
    "version": "3.3",
    "filename": "TASKDATA.XML",
    "constraints": {
      "units": "metric",
      "decimal": ".",
      "encoding": "UTF-8"
    }
  },
  "agleader_basic": {
    "name": "AgLeader (básico)",
    "version": "3.3",
    "filename": "TASKDATA.XML",
    "constraints": {
      "units": "metric",
      "decimal": ".",
      "encoding": "UTF-8"
    }
  }
}