{
  "climatempo": {
    "required": [
      "token"
    ]
  },
  "openweather": {
    "required": [
      "api_key"
    ]
  },
  "openmeteo": {
    "required": []
  },
  "jdlink": {
    "required": [
      "client_id",
      "client_secret"
    ]
  },
  "sentinelhub": {
    "required": [
      "client_id",
      "client_secret"
    ]
  },
  "dji": {
    "required": [
      "app_key"
    ]
  },
  "dronedeploy": {
    "required": [
      "api_key"
    ]
  },
  "pix4d": {
    "required": [
      "api_key"
    ]
  },
  "nmea_tcp": {
    "required": [
      "host",
      "port"
    ]
  },
  "mqtt_sensors": {
    "required": [
      "broker",
      "port",
      "username",
      "password"
    ]
  },
  "modbus_tcp": {
    "required": [
      "host",
      "port"
    ]
  }
}