{
  "climatempo": {
    "category": "weather",
    "doc": "https://advisor.climatempo.com.br/",
    "required": [
      "token"
    ],
    "fallback": "openmeteo"
  },
  "openmeteo": {
    "category": "weather",
    "doc": "https://open-meteo.com/",
    "required": []
  },
  "openweather": {
    "category": "weather",
    "doc": "https://openweathermap.org/api",
    "required": [
      "api_key"
    ]
  },
  "sentinelhub": {
    "category": "satellite",
    "doc": "https://www.sentinel-hub.com/",
    "required": [
      "client_id",
      "client_secret"
    ]
  },
  "open_aerial_map": {
    "category": "satellite",
    "doc": "https://openaerialmap.org/",
    "required": []
  },
  "jdlink": {
    "category": "gps/machines",
    "doc": "https://developer.deere.com/",
    "required": [
      "client_id",
      "client_secret"
    ]
  },
  "nmea_tcp": {
    "category": "gps",
    "doc": "NMEA stream TCP/UDP do seu concentrador",
    "required": [
      "host",
      "port"
    ]
  },
  "mqtt_sensors": {
    "category": "sensors",
    "doc": "Broker MQTT (local/nuvem)",
    "required": [
      "broker",
      "port",
      "username",
      "password"
    ]
  },
  "modbus_tcp": {
    "category": "sensors",
    "doc": "Automa\u00e7\u00e3o/irriga\u00e7\u00e3o Modbus TCP",
    "required": [
      "host",
      "port"
    ]
  },
  "dji": {
    "category": "drone",
    "doc": "https://developer.dji.com/",
    "required": [
      "app_key"
    ]
  },
  "dronedeploy": {
    "category": "drone",
    "doc": "https://developers.dronedeploy.com/",
    "required": [
      "api_key"
    ]
  },
  "pix4d": {
    "category": "drone",
    "doc": "https://developer.pix4d.com/",
    "required": [
      "api_key"
    ]
  }
}