{
  "topics": "ts/aqua/{farm}/{tank}/{sensor}",
  "sensors": [
    "od",
    "ph",
    "temp",
    "nh3",
    "no2",
    "orp"
  ],
  "rules": {
    "od": {
      "warn": 5.0,
      "crit": 4.0,
      "unit": "mg/L",
      "direction": "min"
    },
    "nh3": {
      "warn": 0.05,
      "crit": 0.1,
      "unit": "mg/L",
      "direction": "max"
    },
    "no2": {
      "warn": 0.2,
      "crit": 0.4,
      "unit": "mg/L",
      "direction": "max"
    },
    "ph": {
      "warn_low": 6.5,
      "warn_high": 8.5,
      "unit": "",
      "direction": "range"
    }
  },
  "persistence_samples": 2
}