{
  "soja": [
    "ferrugem_soja",
    "antracnose_soja",
    "cancro_haste_soja",
    "mancha_alvo_soja",
    "nematoide_soja",
    "mofo_branco_soja",
    "percevejo_marrom_soja",
    "lagarta_elasmo_soja",
    "lagarta_falsa_medideira_soja"
  ],
  "milho": [
    "cercosporiose_milho",
    "mancha_foliar_milho",
    "pulgão_milho",
    "lagarta_cartucho_milho",
    "broca_colmo_milho",
    "mancha_branca_milho",
    "helmintosporiose_milho",
    "enfezamento_vermelho_milho",
    "enfezamento_palha_milho"
  ],
  "cana": [
    "broca_cana",
    "escaldadura_foliar_cana",
    "raquitismo_cana",
    "carvão_cana",
    "ferrugem_laranja_cana",
    "sphenophorus_levis_cana"
  ],
  "cafe": [
    "ferrugem_cafeeiro",
    "cercosporiose_cafe",
    "bicho_mineiro_cafe",
    "mancha_oleosa_cafe",
    "phoma_cafe",
    "cochonilha_verde_cafe"
  ],
  "trigo": [
    "ferrugem_trigo",
    "septoriose_trigo",
    "giberela_trigo",
    "mancha_amarela_trigo",
    "oidio_trigo"
  ],
  "citros": [
    "greening_citros",
    "cancro_citros",
    "mancha_preta_citros",
    "tristeza_citros",
    "pinta_preta_citros"
  ],
  "algodao": [
    "ramulose_algodao",
    "mancha_angular_algodao",
    "fusariose_algodao",
    "nematoide_algodao",
    "curvularia_algodao"
  ],
  "arroz": [
    "brusone_arroz",
    "mancha_parda_arroz",
    "queima_foliar_arroz",
    "bacteriose_arroz"
  ],
  "amendoim": [
    "mancha_castanha_amendoim",
    "mofo_branco_amendoim",
    "podridão_carvão_amendoim"
  ],
  "sorgo": [
    "mancha_foliar_sorgo",
    "antracnose_sorgo",
    "fusariose_sorgo"
  ],
  "animal_regions": {
    "udders_teats": [
      "mastite",
      "lesao_traumatica",
      "edema"
    ],
    "hooves": [
      "pododermatite",
      "laminite",
      "fissuras"
    ],
    "eyes_nostrils": [
      "conjuntivite",
      "secrecao",
      "ictericia"
    ],
    "skin": [
      "sarna",
      "miase",
      "dermatite"
    ],
    "mouth": [
      "ectima_contagioso",
      "aftas",
      "ulceras"
    ],
    "perineal": [
      "diarreia",
      "prolapso",
      "verminose"
    ],
    "body": [
      "emagrecimento",
      "postura_anormal",
      "paralisia"
    ]
  }
}