{
  "env": "dev",
  "dev": {
    "default_src": [
      "'self'"
    ],
    "img_src": [
      "'self'",
      "data:",
      "blob:"
    ],
    "media_src": [
      "'self'",
      "data:"
    ],
    "style_src": [
      "'self'",
      "'unsafe-inline'"
    ],
    "script_src": [
      "'self'",
      "'unsafe-inline'"
    ],
    "connect_src": [
      "'self'",
      "http://localhost:8000",
      "https://api.openweathermap.org",
      "https://api.climatempo.com.br"
    ],
    "frame_ancestors": [
      "'none'"
    ]
  },
  "prod": {
    "default_src": [
      "'self'"
    ],
    "img_src": [
      "'self'",
      "data:",
      "blob:"
    ],
    "media_src": [
      "'self'",
      "data:"
    ],
    "style_src": [
      "'self'",
      "'unsafe-inline'"
    ],
    "script_src": [
      "'self'"
    ],
    "connect_src": [
      "'self'",
      "https://api.openweathermap.org",
      "https://api.climatempo.com.br"
    ],
    "frame_ancestors": [
      "'none'"
    ]
  }
}