{
  "soja": {
    "sementes": 350.0,
    "fertilizantes": 800.0,
    "defensivos": 650.0,
    "outros": 300.0
  },
  "milho": {
    "sementes": 520.0,
    "fertilizantes": 1200.0,
    "defensivos": 700.0,
    "outros": 350.0
  },
  "cana": {
    "mudas": 1500.0,
    "fertilizantes": 900.0,
    "defensivos": 500.0,
    "outros": 600.0
  },
  "cafe": {
    "mudas": 1800.0,
    "fertilizantes": 1100.0,
    "defensivos": 900.0,
    "outros": 700.0
  },
  "trigo": {
    "sementes": 420.0,
    "fertilizantes": 950.0,
    "defensivos": 600.0,
    "outros": 300.0
  }
}