{
  "schema_version": "1.0",
  "fields": [
    {
      "name": "region",
      "desc": "Região/país/UF"
    },
    {
      "name": "culture",
      "desc": "Cultura/atividade"
    },
    {
      "name": "metric",
      "desc": "Indicador de custo (ex.: COE_R$_ha, fertilizer_USD_ha, sementes_R$_ha)"
    },
    {
      "name": "value",
      "desc": "Valor numérico do indicador"
    },
    {
      "name": "currency",
      "desc": "Moeda/unidade"
    },
    {
      "name": "source",
      "desc": "Fonte resumida"
    },
    {
      "name": "source_url",
      "desc": "URL da fonte"
    },
    {
      "name": "date",
      "desc": "Data de atualização"
    },
    {
      "name": "premium",
      "desc": "Se integra ao ranking Premium"
    },
    {
      "name": "approved",
      "desc": "Curadoria aprovada"
    }
  ]
}