{
  "kms": {
    "mode": "local",
    "master_key_env": "TS_MASTER_KEY_B64"
  },
  "encryption": {
    "cipher": "AES-256-GCM",
    "hkdf": "SHA256"
  },
  "password_hash": {
    "scheme": "argon2id",
    "time_cost": 3,
    "memory_cost": 65536,
    "parallelism": 2
  },
  "jwt": {
    "alg": "HS512",
    "issuer": "TerraSynapse",
    "rotate_hours": 12
  },
  "rate_limit": {
    "window_sec": 60,
    "max_calls": 120
  },
  "audit": {
    "hmac_env": "TS_AUDIT_HMAC_B64"
  },
  "pdf_watermark": {
    "enabled": true,
    "text": "TerraSynapse IA \u2022 Confidencial \u2022 {user} \u2022 {ts}"
  }
}