{
  "quality_alert": {
    "slack": "*Alerta de Qualidade* :warning:\\nMáquina: {machine_id}\\nTarefa: {task}\\nProblemas: {problems}",
    "teams": "Alerta de Qualidade\\nMáquina: {machine_id}\\nTarefa: {task}\\nProblemas: {problems}",
    "whatsapp": "Alerta de Qualidade - Máquina {machine_id} | {task} | {problems}"
  },
  "machine_disconnected": {
    "slack": "*Máquina desconectada* :electric_plug:\\nMáquina: {machine_id}\\nGap (h): {gap_hours}",
    "teams": "Máquina desconectada\\nMáquina: {machine_id}\\nGap (h): {gap_hours}",
    "whatsapp": "Máquina desconectada {machine_id} - Gap {gap_hours}h"
  },
  "daily_summary": {
    "slack": "*Resumo Diário* :bar_chart:\\nArquivos: {files}",
    "teams": "Resumo Diário\\nArquivos: {files}",
    "whatsapp": "Resumo Diário - ver arquivos: {files}"
  }
}