{
  "soja": {
    "seed_kg_ha": {
      "low": 60,
      "mid": 70,
      "high": 75
    },
    "fert_kg_ha": {
      "low": 120,
      "mid": 150,
      "high": 180
    },
    "spray_l_ha": {
      "low": 120,
      "mid": 150,
      "high": 180
    }
  },
  "milho": {
    "seed_kg_ha": {
      "low": 18,
      "mid": 22,
      "high": 24
    },
    "fert_kg_ha": {
      "low": 180,
      "mid": 220,
      "high": 260
    },
    "spray_l_ha": {
      "low": 120,
      "mid": 150,
      "high": 180
    }
  },
  "cana": {
    "mudas_kg_ha": {
      "low": 1800,
      "mid": 2000,
      "high": 2200
    },
    "fert_kg_ha": {
      "low": 140,
      "mid": 180,
      "high": 220
    },
    "spray_l_ha": {
      "low": 120,
      "mid": 150,
      "high": 180
    }
  },
  "cafe": {
    "mudas_un_ha": {
      "low": 4500,
      "mid": 5000,
      "high": 5500
    },
    "fert_kg_ha": {
      "low": 160,
      "mid": 200,
      "high": 240
    },
    "spray_l_ha": {
      "low": 400,
      "mid": 500,
      "high": 600
    }
  },
  "trigo": {
    "seed_kg_ha": {
      "low": 130,
      "mid": 150,
      "high": 170
    },
    "fert_kg_ha": {
      "low": 140,
      "mid": 180,
      "high": 220
    },
    "spray_l_ha": {
      "low": 120,
      "mid": 150,
      "high": 180
    }
  }
}