{
  "password_policy": {
    "level": "strong",
    "min_length": 12,
    "groups_required": 3,
    "history_depth": 5,
    "expire_days": 180,
    "max_failed_attempts": 5,
    "lockout_minutes": 15
  },
  "auth": {
    "require_2fa": true,
    "captcha_enabled": true,
    "require_2fa_roles": [
      "developer",
      "gestor"
    ],
    "captcha_provider": "recaptcha",
    "recaptcha_site_key": "REPLACE_WITH_SITE_KEY",
    "recaptcha_secret": "REPLACE_WITH_SECRET"
  },
  "audit_hmac_secret": "zkIBwl3LJwl20NeLQgDo12QIwjkJ4pm8oS7iTOp5zf8=",
  "audit_hmac_old": []
}