{
  "developer": {
    "description": "Acesso total ao sistema (admin + desenvolvimento)",
    "permissions": [
      "admin.config",
      "admin.curadoria",
      "admin.upload",
      "reports.view",
      "pricing.edit",
      "brand.toggle",
      "vision.use",
      "gps.ingest",
      "gps.view",
      "knowledge.ingest"
    ]
  },
  "gestor": {
    "description": "Administração operacional e qualidade",
    "permissions": [
      "admin.config",
      "admin.curadoria",
      "admin.upload",
      "reports.view",
      "pricing.edit",
      "brand.toggle",
      "vision.use",
      "gps.view",
      "knowledge.ingest"
    ]
  },
  "tecnico": {
    "description": "Operação técnica e análises",
    "permissions": [
      "vision.use",
      "gps.view",
      "reports.view"
    ]
  },
  "visitante": {
    "description": "Acesso básico de visualização",
    "permissions": [
      "vision.use"
    ]
  }
}