{
  "env": "dev",
  "dev": {
    "default_src": [
      "'self'"
    ],
    "img_src": [
      "https://tile.openstreetmap.org",
      "data:",
      "https://*.googleusercontent.com",
      "blob:",
      "'self'"
    ],
    "media_src": [
      "'self'",
      "data:"
    ],
    "style_src": [
      "'unsafe-inline'",
      "https://fonts.googleapis.com",
      "'self'"
    ],
    "script_src": [
      "'self'",
      "'unsafe-inline'"
    ],
    "connect_src": [
      "https://api.openweathermap.org",
      "'self'",
      "https://api.climatempo.com.br",
      "http://localhost:8000"
    ],
    "frame_ancestors": [
      "'none'"
    ]
  },
  "prod": {
    "default_src": [
      "'self'"
    ],
    "img_src": [
      "https://tile.openstreetmap.org",
      "data:",
      "https://*.googleusercontent.com",
      "blob:",
      "'self'"
    ],
    "media_src": [
      "'self'",
      "data:"
    ],
    "style_src": [
      "'unsafe-inline'",
      "https://fonts.googleapis.com",
      "'self'"
    ],
    "script_src": [
      "'self'"
    ],
    "connect_src": [
      "https://api.openweathermap.org",
      "'self'",
      "https://api.climatempo.com.br"
    ],
    "frame_ancestors": [
      "'none'"
    ]
  }
}