{
  "usda_ers": [
    {
      "name": "Costs & Returns – Corn (CSV)",
      "url": "https://downloads.usda.library.cornell.edu/usda-ers/commodity-costs-returns/corn.csv"
    },
    {
      "name": "Costs & Returns – Soybeans (CSV)",
      "url": "https://downloads.usda.library.cornell.edu/usda-ers/commodity-costs-returns/soybeans.csv"
    }
  ],
  "conab": [
    {
      "name": "Custos – Série Histórica Soja (planilha)",
      "url": "https://www.conab.gov.br/arquivos/CustosProducao/soja_series.xlsx"
    },
    {
      "name": "Custos – Série Histórica Milho (planilha)",
      "url": "https://www.conab.gov.br/arquivos/CustosProducao/milho_series.xlsx"
    }
  ],
  "imea": [
    {
      "name": "IMEA – Soja MT (mensal)",
      "url": "https://imea.com.br/upload/publicacoes/arquivos/relatorio_custo_soja.xlsx"
    }
  ],
  "worldbank": [
    {
      "name": "Pink Sheet – Fertilizers (XLSX)",
      "url": "https://api.worldbank.org/v2/en/indicator/PS.FERT.PR.IC.XLS?downloadformat=excel"
    }
  ]
}