{
  "moeda": "BRL",
  "updated": "2025-08-21",
  "observacao": "Valores editáveis pelo gestor; preencha com cotações locais/fornecedores. A IA usa estes para calcular custo e economia estimada.",
  "soja": {
    "preco_semente_un": 0.0035,
    "preco_fert_kg": 4.2,
    "preco_defensivo_l": 55.0
  },
  "milho": {
    "preco_semente_un": 0.02,
    "preco_fert_kg": 4.0,
    "preco_defensivo_l": 60.0
  },
  "cana": {
    "preco_semente_un": 0.001,
    "preco_fert_kg": 3.6,
    "preco_defensivo_l": 50.0
  },
  "cafe": {
    "preco_semente_un": 0.5,
    "preco_fert_kg": 5.0,
    "preco_defensivo_l": 70.0
  },
  "trigo": {
    "preco_semente_un": 0.002,
    "preco_fert_kg": 3.8,
    "preco_defensivo_l": 48.0
  },
  "arroz": {
    "preco_semente_un": 0.0015,
    "preco_fert_kg": 3.7,
    "preco_defensivo_l": 45.0
  },
  "algodao": {
    "preco_semente_un": 0.01,
    "preco_fert_kg": 4.5,
    "preco_defensivo_l": 80.0
  },
  "sorgo": {
    "preco_semente_un": 0.005,
    "preco_fert_kg": 3.9,
    "preco_defensivo_l": 47.0
  }
}